{
  "equations": {
    "IGINIHH": {
      "coefficients": {
        "CONST": 0.11598871236007856,
        "IFFUNDS": 0.0041771489737643525,
        "IGINIHH_AR1": 0.49114854242881656,
        "IHHNW": 0.19798161232017963,
        "ISSBEN": -0.28025300845851064,
        "ITRCOMP": 0.013520103723356849,
        "IUIBEN": -0.060834344490827086,
        "UR": -0.009925234618957694
      },
      "end": "2025.4",
      "n_obs": 143,
      "start": "1990.2"
    },
    "IMEDRINC": {
      "coefficients": {
        "CONST": 2.78546116425217,
        "GDPR": 1.1410129207607381e-06,
        "ICRDCMP": 0.09336001386085868,
        "IFFUNDS": 0.031177289826137208,
        "IMEDRINC_AR1": 0.31291347314827994,
        "ISSBEN": -0.13134260220060642,
        "ITRCOMP": -0.03579015035121066,
        "IUIBEN": 0.18387331205671228,
        "UR": -0.022921115250804754
      },
      "end": "2025.4",
      "n_obs": 143,
      "start": "1990.2"
    },
    "IPOVALL": {
      "coefficients": {
        "CONST": -1160446942.2384708,
        "ICRDCMP": -0.38573552348891127,
        "IFFUNDS": -0.11818026159267606,
        "IPOVALL_AR1": 0.3086074657177579,
        "ISNAP": 648643856.1823075,
        "ISSBEN": 303395297.1618954,
        "ITRCOMP": -99585317.61465327,
        "IUIBEN": 304754748.94487655,
        "UR": 0.010853371413558343
      },
      "end": "2025.4",
      "n_obs": 143,
      "start": "1990.2"
    },
    "IPOVCH": {
      "coefficients": {
        "CONST": 2081230193.3154323,
        "ICRDCMP": -0.6233044204252498,
        "IFFUNDS": -0.21137865156685734,
        "IPOVCH_AR1": 0.08871739813786332,
        "ISNAP": -1163325210.2240467,
        "ISSBEN": -544131254.0508552,
        "ITRCOMP": 178603573.4295423,
        "IUIBEN": -546569398.7901524,
        "UR": -0.09505696625840546
      },
      "end": "2025.4",
      "n_obs": 143,
      "start": "1990.2"
    },
    "IWGAP1050": {
      "coefficients": {
        "CONST": -0.03908126275375385,
        "IFFUNDS": -0.0006002175774253553,
        "IHHNW": 0.7191786723129456,
        "IHOMEQ": -0.6257637372340756,
        "ITRCOMP": 0.0021732790130719755,
        "IWGAP1050_AR1": 0.8048311724155734,
        "UR": -0.06326723174126764
      },
      "end": "2025.4",
      "n_obs": 143,
      "start": "1990.2"
    },
    "IWGAP150": {
      "coefficients": {
        "CONST": 111179298.94258924,
        "ICRDCMP": 43379640.13946821,
        "IFFUNDS": 12462527.736283822,
        "IHHNW": 1.1594740208759782,
        "IHOMEQ": -163523660.68728784,
        "ITRCOMP": 0.002322682650487965,
        "IWGAP150_AR1": 0.8321016324822363,
        "UR": -0.08583312522748185
      },
      "end": "2025.4",
      "n_obs": 143,
      "start": "1990.2"
    }
  },
  "generated_at": "2026-04-04T11:28:40.408358+00:00"
}
